<annotation>
	<folder></folder>
	<filename>IMG_20230910_093328_jpg.rf.10e6185b986281b03d78a015089b691d.jpg</filename>
	<path>IMG_20230910_093328_jpg.rf.10e6185b986281b03d78a015089b691d.jpg</path>
	<source>
		<database>roboflow.com</database>
	</source>
	<size>
		<width>640</width>
		<height>640</height>
		<depth>3</depth>
	</size>
	<segmented>0</segmented>
	<object>
		<name>oyster-spats</name>
		<pose>Unspecified</pose>
		<truncated>0</truncated>
		<difficult>0</difficult>
		<occluded>0</occluded>
		<bndbox>
			<xmin>366</xmin>
			<xmax>372</xmax>
			<ymin>421</ymin>
			<ymax>433</ymax>
		</bndbox>
	</object>
	<object>
		<name>oyster-spats</name>
		<pose>Unspecified</pose>
		<truncated>0</truncated>
		<difficult>0</difficult>
		<occluded>0</occluded>
		<bndbox>
			<xmin>452</xmin>
			<xmax>459</xmax>
			<ymin>412</ymin>
			<ymax>426</ymax>
		</bndbox>
	</object>
	<object>
		<name>oyster-spats</name>
		<pose>Unspecified</pose>
		<truncated>0</truncated>
		<difficult>0</difficult>
		<occluded>0</occluded>
		<bndbox>
			<xmin>264</xmin>
			<xmax>276</xmax>
			<ymin>258</ymin>
			<ymax>274</ymax>
		</bndbox>
	</object>
</annotation>
