<annotation>
	<folder></folder>
	<filename>IMG_20230910_090642_jpg.rf.d6c30b41584457c8dc3c65eb2fad4a7a.jpg</filename>
	<path>IMG_20230910_090642_jpg.rf.d6c30b41584457c8dc3c65eb2fad4a7a.jpg</path>
	<source>
		<database>roboflow.com</database>
	</source>
	<size>
		<width>640</width>
		<height>640</height>
		<depth>3</depth>
	</size>
	<segmented>0</segmented>
	<object>
		<name>oyster-spats</name>
		<pose>Unspecified</pose>
		<truncated>0</truncated>
		<difficult>0</difficult>
		<occluded>0</occluded>
		<bndbox>
			<xmin>303</xmin>
			<xmax>360</xmax>
			<ymin>388</ymin>
			<ymax>424</ymax>
		</bndbox>
	</object>
</annotation>
