<annotation>
	<folder></folder>
	<filename>IMG_20230910_090302_jpg.rf.76c12e4a85fe5e76f0189f06f66b5571.jpg</filename>
	<path>IMG_20230910_090302_jpg.rf.76c12e4a85fe5e76f0189f06f66b5571.jpg</path>
	<source>
		<database>roboflow.com</database>
	</source>
	<size>
		<width>640</width>
		<height>640</height>
		<depth>3</depth>
	</size>
	<segmented>0</segmented>
	<object>
		<name>oyster-spats</name>
		<pose>Unspecified</pose>
		<truncated>0</truncated>
		<difficult>0</difficult>
		<occluded>0</occluded>
		<bndbox>
			<xmin>96</xmin>
			<xmax>117</xmax>
			<ymin>472</ymin>
			<ymax>483</ymax>
		</bndbox>
	</object>
	<object>
		<name>oyster-spats</name>
		<pose>Unspecified</pose>
		<truncated>0</truncated>
		<difficult>0</difficult>
		<occluded>0</occluded>
		<bndbox>
			<xmin>267</xmin>
			<xmax>283</xmax>
			<ymin>225</ymin>
			<ymax>237</ymax>
		</bndbox>
	</object>
	<object>
		<name>oyster-spats</name>
		<pose>Unspecified</pose>
		<truncated>0</truncated>
		<difficult>0</difficult>
		<occluded>0</occluded>
		<bndbox>
			<xmin>109</xmin>
			<xmax>131</xmax>
			<ymin>216</ymin>
			<ymax>229</ymax>
		</bndbox>
	</object>
	<object>
		<name>oyster-spats</name>
		<pose>Unspecified</pose>
		<truncated>0</truncated>
		<difficult>0</difficult>
		<occluded>0</occluded>
		<bndbox>
			<xmin>188</xmin>
			<xmax>206</xmax>
			<ymin>114</ymin>
			<ymax>129</ymax>
		</bndbox>
	</object>
	<object>
		<name>oyster-spats</name>
		<pose>Unspecified</pose>
		<truncated>0</truncated>
		<difficult>0</difficult>
		<occluded>0</occluded>
		<bndbox>
			<xmin>191</xmin>
			<xmax>220</xmax>
			<ymin>85</ymin>
			<ymax>101</ymax>
		</bndbox>
	</object>
	<object>
		<name>oyster-spats</name>
		<pose>Unspecified</pose>
		<truncated>0</truncated>
		<difficult>0</difficult>
		<occluded>0</occluded>
		<bndbox>
			<xmin>208</xmin>
			<xmax>235</xmax>
			<ymin>53</ymin>
			<ymax>68</ymax>
		</bndbox>
	</object>
	<object>
		<name>oyster-spats</name>
		<pose>Unspecified</pose>
		<truncated>0</truncated>
		<difficult>0</difficult>
		<occluded>0</occluded>
		<bndbox>
			<xmin>268</xmin>
			<xmax>287</xmax>
			<ymin>125</ymin>
			<ymax>137</ymax>
		</bndbox>
	</object>
	<object>
		<name>oyster-spats</name>
		<pose>Unspecified</pose>
		<truncated>0</truncated>
		<difficult>0</difficult>
		<occluded>0</occluded>
		<bndbox>
			<xmin>270</xmin>
			<xmax>290</xmax>
			<ymin>115</ymin>
			<ymax>126</ymax>
		</bndbox>
	</object>
	<object>
		<name>oyster-spats</name>
		<pose>Unspecified</pose>
		<truncated>0</truncated>
		<difficult>0</difficult>
		<occluded>0</occluded>
		<bndbox>
			<xmin>280</xmin>
			<xmax>298</xmax>
			<ymin>129</ymin>
			<ymax>139</ymax>
		</bndbox>
	</object>
	<object>
		<name>oyster-spats</name>
		<pose>Unspecified</pose>
		<truncated>0</truncated>
		<difficult>0</difficult>
		<occluded>0</occluded>
		<bndbox>
			<xmin>321</xmin>
			<xmax>339</xmax>
			<ymin>116</ymin>
			<ymax>128</ymax>
		</bndbox>
	</object>
	<object>
		<name>oyster-spats</name>
		<pose>Unspecified</pose>
		<truncated>0</truncated>
		<difficult>0</difficult>
		<occluded>0</occluded>
		<bndbox>
			<xmin>293</xmin>
			<xmax>308</xmax>
			<ymin>106</ymin>
			<ymax>115</ymax>
		</bndbox>
	</object>
	<object>
		<name>oyster-spats</name>
		<pose>Unspecified</pose>
		<truncated>0</truncated>
		<difficult>0</difficult>
		<occluded>0</occluded>
		<bndbox>
			<xmin>351</xmin>
			<xmax>369</xmax>
			<ymin>166</ymin>
			<ymax>178</ymax>
		</bndbox>
	</object>
	<object>
		<name>oyster-spats</name>
		<pose>Unspecified</pose>
		<truncated>0</truncated>
		<difficult>0</difficult>
		<occluded>0</occluded>
		<bndbox>
			<xmin>391</xmin>
			<xmax>405</xmax>
			<ymin>262</ymin>
			<ymax>272</ymax>
		</bndbox>
	</object>
	<object>
		<name>oyster-spats</name>
		<pose>Unspecified</pose>
		<truncated>0</truncated>
		<difficult>0</difficult>
		<occluded>0</occluded>
		<bndbox>
			<xmin>394</xmin>
			<xmax>407</xmax>
			<ymin>245</ymin>
			<ymax>254</ymax>
		</bndbox>
	</object>
	<object>
		<name>oyster-spats</name>
		<pose>Unspecified</pose>
		<truncated>0</truncated>
		<difficult>0</difficult>
		<occluded>0</occluded>
		<bndbox>
			<xmin>492</xmin>
			<xmax>508</xmax>
			<ymin>286</ymin>
			<ymax>302</ymax>
		</bndbox>
	</object>
	<object>
		<name>oyster-spats</name>
		<pose>Unspecified</pose>
		<truncated>0</truncated>
		<difficult>0</difficult>
		<occluded>0</occluded>
		<bndbox>
			<xmin>433</xmin>
			<xmax>446</xmax>
			<ymin>186</ymin>
			<ymax>197</ymax>
		</bndbox>
	</object>
	<object>
		<name>oyster-spats</name>
		<pose>Unspecified</pose>
		<truncated>0</truncated>
		<difficult>0</difficult>
		<occluded>0</occluded>
		<bndbox>
			<xmin>390</xmin>
			<xmax>403</xmax>
			<ymin>178</ymin>
			<ymax>189</ymax>
		</bndbox>
	</object>
	<object>
		<name>oyster-spats</name>
		<pose>Unspecified</pose>
		<truncated>0</truncated>
		<difficult>0</difficult>
		<occluded>0</occluded>
		<bndbox>
			<xmin>405</xmin>
			<xmax>418</xmax>
			<ymin>116</ymin>
			<ymax>126</ymax>
		</bndbox>
	</object>
	<object>
		<name>oyster-spats</name>
		<pose>Unspecified</pose>
		<truncated>0</truncated>
		<difficult>0</difficult>
		<occluded>0</occluded>
		<bndbox>
			<xmin>252</xmin>
			<xmax>270</xmax>
			<ymin>94</ymin>
			<ymax>107</ymax>
		</bndbox>
	</object>
	<object>
		<name>oyster-spats</name>
		<pose>Unspecified</pose>
		<truncated>0</truncated>
		<difficult>0</difficult>
		<occluded>0</occluded>
		<bndbox>
			<xmin>425</xmin>
			<xmax>447</xmax>
			<ymin>275</ymin>
			<ymax>288</ymax>
		</bndbox>
	</object>
</annotation>
