<annotation>
	<folder></folder>
	<filename>IMG_20230910_093533_jpg.rf.5d7aec7fe9f36ad30fdbb71d2fc2a625.jpg</filename>
	<path>IMG_20230910_093533_jpg.rf.5d7aec7fe9f36ad30fdbb71d2fc2a625.jpg</path>
	<source>
		<database>roboflow.com</database>
	</source>
	<size>
		<width>640</width>
		<height>640</height>
		<depth>3</depth>
	</size>
	<segmented>0</segmented>
	<object>
		<name>oyster-spats</name>
		<pose>Unspecified</pose>
		<truncated>0</truncated>
		<difficult>0</difficult>
		<occluded>0</occluded>
		<bndbox>
			<xmin>240</xmin>
			<xmax>263</xmax>
			<ymin>220</ymin>
			<ymax>233</ymax>
		</bndbox>
	</object>
</annotation>
