<annotation>
	<folder></folder>
	<filename>IMG_20230910_093410_jpg.rf.8e38dbb366a82dd19adbdda1384fff7f.jpg</filename>
	<path>IMG_20230910_093410_jpg.rf.8e38dbb366a82dd19adbdda1384fff7f.jpg</path>
	<source>
		<database>roboflow.com</database>
	</source>
	<size>
		<width>640</width>
		<height>640</height>
		<depth>3</depth>
	</size>
	<segmented>0</segmented>
	<object>
		<name>oyster-spats</name>
		<pose>Unspecified</pose>
		<truncated>0</truncated>
		<difficult>0</difficult>
		<occluded>0</occluded>
		<bndbox>
			<xmin>369</xmin>
			<xmax>387</xmax>
			<ymin>262</ymin>
			<ymax>274</ymax>
		</bndbox>
	</object>
	<object>
		<name>oyster-spats</name>
		<pose>Unspecified</pose>
		<truncated>0</truncated>
		<difficult>0</difficult>
		<occluded>0</occluded>
		<bndbox>
			<xmin>274</xmin>
			<xmax>292</xmax>
			<ymin>237</ymin>
			<ymax>247</ymax>
		</bndbox>
	</object>
	<object>
		<name>oyster-spats</name>
		<pose>Unspecified</pose>
		<truncated>0</truncated>
		<difficult>0</difficult>
		<occluded>0</occluded>
		<bndbox>
			<xmin>386</xmin>
			<xmax>405</xmax>
			<ymin>290</ymin>
			<ymax>299</ymax>
		</bndbox>
	</object>
	<object>
		<name>oyster-spats</name>
		<pose>Unspecified</pose>
		<truncated>0</truncated>
		<difficult>0</difficult>
		<occluded>0</occluded>
		<bndbox>
			<xmin>440</xmin>
			<xmax>460</xmax>
			<ymin>283</ymin>
			<ymax>295</ymax>
		</bndbox>
	</object>
</annotation>
