<annotation>
	<folder></folder>
	<filename>IMG_20230910_093514_jpg.rf.13f94c24ad4bd9a20ad2c36e434d9eb9.jpg</filename>
	<path>IMG_20230910_093514_jpg.rf.13f94c24ad4bd9a20ad2c36e434d9eb9.jpg</path>
	<source>
		<database>roboflow.com</database>
	</source>
	<size>
		<width>640</width>
		<height>640</height>
		<depth>3</depth>
	</size>
	<segmented>0</segmented>
	<object>
		<name>oyster-spats</name>
		<pose>Unspecified</pose>
		<truncated>0</truncated>
		<difficult>0</difficult>
		<occluded>0</occluded>
		<bndbox>
			<xmin>210</xmin>
			<xmax>223</xmax>
			<ymin>242</ymin>
			<ymax>252</ymax>
		</bndbox>
	</object>
	<object>
		<name>oyster-spats</name>
		<pose>Unspecified</pose>
		<truncated>0</truncated>
		<difficult>0</difficult>
		<occluded>0</occluded>
		<bndbox>
			<xmin>142</xmin>
			<xmax>152</xmax>
			<ymin>329</ymin>
			<ymax>337</ymax>
		</bndbox>
	</object>
	<object>
		<name>oyster-spats</name>
		<pose>Unspecified</pose>
		<truncated>0</truncated>
		<difficult>0</difficult>
		<occluded>0</occluded>
		<bndbox>
			<xmin>538</xmin>
			<xmax>557</xmax>
			<ymin>230</ymin>
			<ymax>241</ymax>
		</bndbox>
	</object>
	<object>
		<name>oyster-spats</name>
		<pose>Unspecified</pose>
		<truncated>0</truncated>
		<difficult>0</difficult>
		<occluded>0</occluded>
		<bndbox>
			<xmin>289</xmin>
			<xmax>305</xmax>
			<ymin>262</ymin>
			<ymax>272</ymax>
		</bndbox>
	</object>
</annotation>
