<annotation>
	<folder></folder>
	<filename>IMG_20230910_094301_jpg.rf.d6d6f5da66faf7ac1fe1c6088b23ee17.jpg</filename>
	<path>IMG_20230910_094301_jpg.rf.d6d6f5da66faf7ac1fe1c6088b23ee17.jpg</path>
	<source>
		<database>roboflow.com</database>
	</source>
	<size>
		<width>640</width>
		<height>640</height>
		<depth>3</depth>
	</size>
	<segmented>0</segmented>
	<object>
		<name>oyster-spats</name>
		<pose>Unspecified</pose>
		<truncated>0</truncated>
		<difficult>0</difficult>
		<occluded>0</occluded>
		<bndbox>
			<xmin>380</xmin>
			<xmax>400</xmax>
			<ymin>319</ymin>
			<ymax>330</ymax>
		</bndbox>
	</object>
</annotation>
