<annotation>
	<folder></folder>
	<filename>IMG_20230910_095317_jpg.rf.d3ad36e539b10fd2579313909603efd3.jpg</filename>
	<path>IMG_20230910_095317_jpg.rf.d3ad36e539b10fd2579313909603efd3.jpg</path>
	<source>
		<database>roboflow.com</database>
	</source>
	<size>
		<width>640</width>
		<height>640</height>
		<depth>3</depth>
	</size>
	<segmented>0</segmented>
	<object>
		<name>oyster-spats</name>
		<pose>Unspecified</pose>
		<truncated>0</truncated>
		<difficult>0</difficult>
		<occluded>0</occluded>
		<bndbox>
			<xmin>235</xmin>
			<xmax>265</xmax>
			<ymin>369</ymin>
			<ymax>386</ymax>
		</bndbox>
	</object>
</annotation>
