<annotation>
	<folder></folder>
	<filename>shell-155-_JPG.rf.0c1c468a9bebe7f91dc2cd517adfc9be.jpg</filename>
	<path>shell-155-_JPG.rf.0c1c468a9bebe7f91dc2cd517adfc9be.jpg</path>
	<source>
		<database>roboflow.com</database>
	</source>
	<size>
		<width>640</width>
		<height>640</height>
		<depth>3</depth>
	</size>
	<segmented>0</segmented>
	<object>
		<name>oyster-spats</name>
		<pose>Unspecified</pose>
		<truncated>0</truncated>
		<difficult>0</difficult>
		<occluded>0</occluded>
		<bndbox>
			<xmin>274</xmin>
			<xmax>316</xmax>
			<ymin>238</ymin>
			<ymax>302</ymax>
		</bndbox>
	</object>
</annotation>
