<annotation>
	<folder></folder>
	<filename>shell-14-_jpg.rf.e37d1d04e302e779804ee841f59d5bf0.jpg</filename>
	<path>shell-14-_jpg.rf.e37d1d04e302e779804ee841f59d5bf0.jpg</path>
	<source>
		<database>roboflow.com</database>
	</source>
	<size>
		<width>640</width>
		<height>640</height>
		<depth>3</depth>
	</size>
	<segmented>0</segmented>
	<object>
		<name>oyster-spats</name>
		<pose>Unspecified</pose>
		<truncated>0</truncated>
		<difficult>0</difficult>
		<occluded>0</occluded>
		<bndbox>
			<xmin>530</xmin>
			<xmax>551</xmax>
			<ymin>271</ymin>
			<ymax>303</ymax>
		</bndbox>
	</object>
</annotation>
