<annotation>
	<folder></folder>
	<filename>shell-228-_JPG.rf.d8459afa7ee2b88781a5293959d5165b.jpg</filename>
	<path>shell-228-_JPG.rf.d8459afa7ee2b88781a5293959d5165b.jpg</path>
	<source>
		<database>roboflow.com</database>
	</source>
	<size>
		<width>640</width>
		<height>640</height>
		<depth>3</depth>
	</size>
	<segmented>0</segmented>
	<object>
		<name>oyster-spats</name>
		<pose>Unspecified</pose>
		<truncated>0</truncated>
		<difficult>0</difficult>
		<occluded>0</occluded>
		<bndbox>
			<xmin>366</xmin>
			<xmax>376</xmax>
			<ymin>378</ymin>
			<ymax>394</ymax>
		</bndbox>
	</object>
</annotation>
