<annotation>
	<folder></folder>
	<filename>shell-127-_jpg.rf.20d38054338b3e7a31d18024999c62d5.jpg</filename>
	<path>shell-127-_jpg.rf.20d38054338b3e7a31d18024999c62d5.jpg</path>
	<source>
		<database>roboflow.com</database>
	</source>
	<size>
		<width>640</width>
		<height>640</height>
		<depth>3</depth>
	</size>
	<segmented>0</segmented>
	<object>
		<name>oyster-spats</name>
		<pose>Unspecified</pose>
		<truncated>0</truncated>
		<difficult>0</difficult>
		<occluded>0</occluded>
		<bndbox>
			<xmin>405</xmin>
			<xmax>418</xmax>
			<ymin>262</ymin>
			<ymax>288</ymax>
		</bndbox>
	</object>
</annotation>
