<annotation>
	<folder></folder>
	<filename>shell-221-_JPG.rf.56dd0d03872993d71c824a9b11096427.jpg</filename>
	<path>shell-221-_JPG.rf.56dd0d03872993d71c824a9b11096427.jpg</path>
	<source>
		<database>roboflow.com</database>
	</source>
	<size>
		<width>640</width>
		<height>640</height>
		<depth>3</depth>
	</size>
	<segmented>0</segmented>
	<object>
		<name>oyster-spats</name>
		<pose>Unspecified</pose>
		<truncated>0</truncated>
		<difficult>0</difficult>
		<occluded>0</occluded>
		<bndbox>
			<xmin>205</xmin>
			<xmax>227</xmax>
			<ymin>401</ymin>
			<ymax>436</ymax>
		</bndbox>
	</object>
</annotation>
