<annotation>
	<folder></folder>
	<filename>shell-220-_JPG.rf.10e1b3305fe1b98242be61b21d06afc6.jpg</filename>
	<path>shell-220-_JPG.rf.10e1b3305fe1b98242be61b21d06afc6.jpg</path>
	<source>
		<database>roboflow.com</database>
	</source>
	<size>
		<width>640</width>
		<height>640</height>
		<depth>3</depth>
	</size>
	<segmented>0</segmented>
	<object>
		<name>oyster-spats</name>
		<pose>Unspecified</pose>
		<truncated>0</truncated>
		<difficult>0</difficult>
		<occluded>0</occluded>
		<bndbox>
			<xmin>364</xmin>
			<xmax>381</xmax>
			<ymin>438</ymin>
			<ymax>474</ymax>
		</bndbox>
	</object>
</annotation>
