<annotation>
	<folder></folder>
	<filename>shell-190-_JPG.rf.ffccedb304f641790b00611acfc3be3b.jpg</filename>
	<path>shell-190-_JPG.rf.ffccedb304f641790b00611acfc3be3b.jpg</path>
	<source>
		<database>roboflow.com</database>
	</source>
	<size>
		<width>640</width>
		<height>640</height>
		<depth>3</depth>
	</size>
	<segmented>0</segmented>
	<object>
		<name>oyster-spats</name>
		<pose>Unspecified</pose>
		<truncated>0</truncated>
		<difficult>0</difficult>
		<occluded>0</occluded>
		<bndbox>
			<xmin>265</xmin>
			<xmax>280</xmax>
			<ymin>194</ymin>
			<ymax>218</ymax>
		</bndbox>
	</object>
</annotation>
