<annotation>
	<folder></folder>
	<filename>shell-206-_JPG.rf.4ae2be2e27649fed562d508e1fca3c8c.jpg</filename>
	<path>shell-206-_JPG.rf.4ae2be2e27649fed562d508e1fca3c8c.jpg</path>
	<source>
		<database>roboflow.com</database>
	</source>
	<size>
		<width>640</width>
		<height>640</height>
		<depth>3</depth>
	</size>
	<segmented>0</segmented>
	<object>
		<name>oyster-spats</name>
		<pose>Unspecified</pose>
		<truncated>0</truncated>
		<difficult>0</difficult>
		<occluded>0</occluded>
		<bndbox>
			<xmin>231</xmin>
			<xmax>242</xmax>
			<ymin>95</ymin>
			<ymax>115</ymax>
		</bndbox>
	</object>
</annotation>
