<annotation>
	<folder></folder>
	<filename>shell-181-_JPG.rf.d6723e6b95498fd2ff3272c10d99f784.jpg</filename>
	<path>shell-181-_JPG.rf.d6723e6b95498fd2ff3272c10d99f784.jpg</path>
	<source>
		<database>roboflow.com</database>
	</source>
	<size>
		<width>640</width>
		<height>640</height>
		<depth>3</depth>
	</size>
	<segmented>0</segmented>
	<object>
		<name>oyster-spats</name>
		<pose>Unspecified</pose>
		<truncated>0</truncated>
		<difficult>0</difficult>
		<occluded>0</occluded>
		<bndbox>
			<xmin>241</xmin>
			<xmax>256</xmax>
			<ymin>216</ymin>
			<ymax>253</ymax>
		</bndbox>
	</object>
	<object>
		<name>oyster-spats</name>
		<pose>Unspecified</pose>
		<truncated>0</truncated>
		<difficult>0</difficult>
		<occluded>0</occluded>
		<bndbox>
			<xmin>312</xmin>
			<xmax>325</xmax>
			<ymin>365</ymin>
			<ymax>397</ymax>
		</bndbox>
	</object>
	<object>
		<name>oyster-spats</name>
		<pose>Unspecified</pose>
		<truncated>0</truncated>
		<difficult>0</difficult>
		<occluded>0</occluded>
		<bndbox>
			<xmin>484</xmin>
			<xmax>497</xmax>
			<ymin>263</ymin>
			<ymax>283</ymax>
		</bndbox>
	</object>
	<object>
		<name>oyster-spats</name>
		<pose>Unspecified</pose>
		<truncated>0</truncated>
		<difficult>0</difficult>
		<occluded>0</occluded>
		<bndbox>
			<xmin>398</xmin>
			<xmax>411</xmax>
			<ymin>415</ymin>
			<ymax>435</ymax>
		</bndbox>
	</object>
</annotation>
