<annotation>
	<folder></folder>
	<filename>shell-121-_jpg.rf.f1fbc2ad5f7462257ccc1afc27fe6bb8.jpg</filename>
	<path>shell-121-_jpg.rf.f1fbc2ad5f7462257ccc1afc27fe6bb8.jpg</path>
	<source>
		<database>roboflow.com</database>
	</source>
	<size>
		<width>640</width>
		<height>640</height>
		<depth>3</depth>
	</size>
	<segmented>0</segmented>
	<object>
		<name>oyster-spats</name>
		<pose>Unspecified</pose>
		<truncated>0</truncated>
		<difficult>0</difficult>
		<occluded>0</occluded>
		<bndbox>
			<xmin>533</xmin>
			<xmax>566</xmax>
			<ymin>404</ymin>
			<ymax>426</ymax>
		</bndbox>
	</object>
	<object>
		<name>oyster-spats</name>
		<pose>Unspecified</pose>
		<truncated>0</truncated>
		<difficult>0</difficult>
		<occluded>0</occluded>
		<bndbox>
			<xmin>572</xmin>
			<xmax>604</xmax>
			<ymin>398</ymin>
			<ymax>418</ymax>
		</bndbox>
	</object>
	<object>
		<name>oyster-spats</name>
		<pose>Unspecified</pose>
		<truncated>0</truncated>
		<difficult>0</difficult>
		<occluded>0</occluded>
		<bndbox>
			<xmin>514</xmin>
			<xmax>534</xmax>
			<ymin>441</ymin>
			<ymax>454</ymax>
		</bndbox>
	</object>
	<object>
		<name>oyster-spats</name>
		<pose>Unspecified</pose>
		<truncated>0</truncated>
		<difficult>0</difficult>
		<occluded>0</occluded>
		<bndbox>
			<xmin>453</xmin>
			<xmax>481</xmax>
			<ymin>116</ymin>
			<ymax>129</ymax>
		</bndbox>
	</object>
</annotation>
