<annotation>
	<folder></folder>
	<filename>shell-151-_jpg.rf.2b4997d83c61bc66fbd569d0cb261aa6.jpg</filename>
	<path>shell-151-_jpg.rf.2b4997d83c61bc66fbd569d0cb261aa6.jpg</path>
	<source>
		<database>roboflow.com</database>
	</source>
	<size>
		<width>640</width>
		<height>640</height>
		<depth>3</depth>
	</size>
	<segmented>0</segmented>
	<object>
		<name>oyster-spats</name>
		<pose>Unspecified</pose>
		<truncated>0</truncated>
		<difficult>0</difficult>
		<occluded>0</occluded>
		<bndbox>
			<xmin>191</xmin>
			<xmax>210</xmax>
			<ymin>338</ymin>
			<ymax>374</ymax>
		</bndbox>
	</object>
</annotation>
