<annotation>
	<folder></folder>
	<filename>shell-171-_JPG.rf.0166e98a2175e31d0e0657e56598bf2b.jpg</filename>
	<path>shell-171-_JPG.rf.0166e98a2175e31d0e0657e56598bf2b.jpg</path>
	<source>
		<database>roboflow.com</database>
	</source>
	<size>
		<width>640</width>
		<height>640</height>
		<depth>3</depth>
	</size>
	<segmented>0</segmented>
	<object>
		<name>oyster-spats</name>
		<pose>Unspecified</pose>
		<truncated>0</truncated>
		<difficult>0</difficult>
		<occluded>0</occluded>
		<bndbox>
			<xmin>408</xmin>
			<xmax>421</xmax>
			<ymin>298</ymin>
			<ymax>318</ymax>
		</bndbox>
	</object>
	<object>
		<name>oyster-spats</name>
		<pose>Unspecified</pose>
		<truncated>0</truncated>
		<difficult>0</difficult>
		<occluded>0</occluded>
		<bndbox>
			<xmin>400</xmin>
			<xmax>412</xmax>
			<ymin>319</ymin>
			<ymax>338</ymax>
		</bndbox>
	</object>
	<object>
		<name>oyster-spats</name>
		<pose>Unspecified</pose>
		<truncated>0</truncated>
		<difficult>0</difficult>
		<occluded>0</occluded>
		<bndbox>
			<xmin>228</xmin>
			<xmax>237</xmax>
			<ymin>177</ymin>
			<ymax>191</ymax>
		</bndbox>
	</object>
	<object>
		<name>oyster-spats</name>
		<pose>Unspecified</pose>
		<truncated>0</truncated>
		<difficult>0</difficult>
		<occluded>0</occluded>
		<bndbox>
			<xmin>323</xmin>
			<xmax>333</xmax>
			<ymin>614</ymin>
			<ymax>632</ymax>
		</bndbox>
	</object>
</annotation>
