<annotation>
	<folder></folder>
	<filename>shell-163-_JPG.rf.bb002f663b25955022a620a762662076.jpg</filename>
	<path>shell-163-_JPG.rf.bb002f663b25955022a620a762662076.jpg</path>
	<source>
		<database>roboflow.com</database>
	</source>
	<size>
		<width>640</width>
		<height>640</height>
		<depth>3</depth>
	</size>
	<segmented>0</segmented>
	<object>
		<name>oyster-spats</name>
		<pose>Unspecified</pose>
		<truncated>0</truncated>
		<difficult>0</difficult>
		<occluded>0</occluded>
		<bndbox>
			<xmin>532</xmin>
			<xmax>554</xmax>
			<ymin>264</ymin>
			<ymax>299</ymax>
		</bndbox>
	</object>
</annotation>
