<annotation>
	<folder></folder>
	<filename>shell-153-_JPG.rf.781a29ee32cf9750ed281d895c863c23.jpg</filename>
	<path>shell-153-_JPG.rf.781a29ee32cf9750ed281d895c863c23.jpg</path>
	<source>
		<database>roboflow.com</database>
	</source>
	<size>
		<width>640</width>
		<height>640</height>
		<depth>3</depth>
	</size>
	<segmented>0</segmented>
	<object>
		<name>oyster-spats</name>
		<pose>Unspecified</pose>
		<truncated>0</truncated>
		<difficult>0</difficult>
		<occluded>0</occluded>
		<bndbox>
			<xmin>299</xmin>
			<xmax>348</xmax>
			<ymin>244</ymin>
			<ymax>311</ymax>
		</bndbox>
	</object>
	<object>
		<name>oyster-spats</name>
		<pose>Unspecified</pose>
		<truncated>0</truncated>
		<difficult>0</difficult>
		<occluded>0</occluded>
		<bndbox>
			<xmin>345</xmin>
			<xmax>360</xmax>
			<ymin>172</ymin>
			<ymax>199</ymax>
		</bndbox>
	</object>
</annotation>
