<annotation>
	<folder></folder>
	<filename>shell-160-_JPG.rf.2efecb3a9baa7d2190255e9f1bc7ef34.jpg</filename>
	<path>shell-160-_JPG.rf.2efecb3a9baa7d2190255e9f1bc7ef34.jpg</path>
	<source>
		<database>roboflow.com</database>
	</source>
	<size>
		<width>640</width>
		<height>640</height>
		<depth>3</depth>
	</size>
	<segmented>0</segmented>
	<object>
		<name>oyster-spats</name>
		<pose>Unspecified</pose>
		<truncated>0</truncated>
		<difficult>0</difficult>
		<occluded>0</occluded>
		<bndbox>
			<xmin>490</xmin>
			<xmax>504</xmax>
			<ymin>189</ymin>
			<ymax>212</ymax>
		</bndbox>
	</object>
</annotation>
