<annotation>
	<folder></folder>
	<filename>shell-22-_jpg.rf.fb07e4be26ffc0e62b97696a33f1df7c.jpg</filename>
	<path>shell-22-_jpg.rf.fb07e4be26ffc0e62b97696a33f1df7c.jpg</path>
	<source>
		<database>roboflow.com</database>
	</source>
	<size>
		<width>640</width>
		<height>640</height>
		<depth>3</depth>
	</size>
	<segmented>0</segmented>
	<object>
		<name>oyster-spats</name>
		<pose>Unspecified</pose>
		<truncated>0</truncated>
		<difficult>0</difficult>
		<occluded>0</occluded>
		<bndbox>
			<xmin>388</xmin>
			<xmax>400</xmax>
			<ymin>244</ymin>
			<ymax>264</ymax>
		</bndbox>
	</object>
	<object>
		<name>oyster-spats</name>
		<pose>Unspecified</pose>
		<truncated>0</truncated>
		<difficult>0</difficult>
		<occluded>0</occluded>
		<bndbox>
			<xmin>290</xmin>
			<xmax>302</xmax>
			<ymin>459</ymin>
			<ymax>477</ymax>
		</bndbox>
	</object>
</annotation>
