<annotation>
	<folder></folder>
	<filename>shell-238-_JPG.rf.a53ed9dac23bfe21b7fcbb81b2fa3e81.jpg</filename>
	<path>shell-238-_JPG.rf.a53ed9dac23bfe21b7fcbb81b2fa3e81.jpg</path>
	<source>
		<database>roboflow.com</database>
	</source>
	<size>
		<width>640</width>
		<height>640</height>
		<depth>3</depth>
	</size>
	<segmented>0</segmented>
	<object>
		<name>oyster-spats</name>
		<pose>Unspecified</pose>
		<truncated>0</truncated>
		<difficult>0</difficult>
		<occluded>0</occluded>
		<bndbox>
			<xmin>409</xmin>
			<xmax>427</xmax>
			<ymin>264</ymin>
			<ymax>284</ymax>
		</bndbox>
	</object>
	<object>
		<name>oyster-spats</name>
		<pose>Unspecified</pose>
		<truncated>0</truncated>
		<difficult>0</difficult>
		<occluded>0</occluded>
		<bndbox>
			<xmin>430</xmin>
			<xmax>441</xmax>
			<ymin>479</ymin>
			<ymax>501</ymax>
		</bndbox>
	</object>
	<object>
		<name>oyster-spats</name>
		<pose>Unspecified</pose>
		<truncated>0</truncated>
		<difficult>0</difficult>
		<occluded>0</occluded>
		<bndbox>
			<xmin>421</xmin>
			<xmax>437</xmax>
			<ymin>173</ymin>
			<ymax>199</ymax>
		</bndbox>
	</object>
</annotation>
