<annotation>
	<folder></folder>
	<filename>shell-177-_JPG.rf.e6f645b632095e73819b7886445dac19.jpg</filename>
	<path>shell-177-_JPG.rf.e6f645b632095e73819b7886445dac19.jpg</path>
	<source>
		<database>roboflow.com</database>
	</source>
	<size>
		<width>640</width>
		<height>640</height>
		<depth>3</depth>
	</size>
	<segmented>0</segmented>
	<object>
		<name>oyster-spats</name>
		<pose>Unspecified</pose>
		<truncated>0</truncated>
		<difficult>0</difficult>
		<occluded>0</occluded>
		<bndbox>
			<xmin>445</xmin>
			<xmax>463</xmax>
			<ymin>266</ymin>
			<ymax>296</ymax>
		</bndbox>
	</object>
	<object>
		<name>oyster-spats</name>
		<pose>Unspecified</pose>
		<truncated>0</truncated>
		<difficult>0</difficult>
		<occluded>0</occluded>
		<bndbox>
			<xmin>535</xmin>
			<xmax>548</xmax>
			<ymin>277</ymin>
			<ymax>302</ymax>
		</bndbox>
	</object>
</annotation>
