<annotation>
	<folder></folder>
	<filename>shell-118-_jpg.rf.8b2049ec0b5620552bb2f039e19ce091.jpg</filename>
	<path>shell-118-_jpg.rf.8b2049ec0b5620552bb2f039e19ce091.jpg</path>
	<source>
		<database>roboflow.com</database>
	</source>
	<size>
		<width>640</width>
		<height>640</height>
		<depth>3</depth>
	</size>
	<segmented>0</segmented>
	<object>
		<name>oyster-spats</name>
		<pose>Unspecified</pose>
		<truncated>0</truncated>
		<difficult>0</difficult>
		<occluded>0</occluded>
		<bndbox>
			<xmin>235</xmin>
			<xmax>251</xmax>
			<ymin>436</ymin>
			<ymax>459</ymax>
		</bndbox>
	</object>
</annotation>
